contactid,firstname,lastname,email,phone,cmpid
1,gaurav,goswami,gaurav@gmail.com,9999999,1
2,vishal,goswami,vishal@gmail.com,9999998,2
3,Bob,Johnson,bob.johnson@example.com,555-123-4567,4
4,Alice,Williams,alice.williams@example.com,901-234-5678,5
5,Mike,Davis,mike.davis@example.com,111-222-3333,6
6,Emily,Miller,emily.miller@example.com,444-555-6666,7
7,Tom,Wilson,tom.wilson@example.com,777-888-9999,8
8,Linda,Anderson,linda.anderson@example.com,222-333-4444,9
9,Kevin,Thomas,kevin.thomas@example.com,666-777-8888,10
10,Sarah,Taylor,sarah.taylor@example.com,888-999-0000,10
11,John,Doe,john.doe@example.com,123-456-7890,2
12,Jane,Smith,jane.smith@example.com,987-654-3210,3
