employeid1,salary,hiredate,jobtitle,firstname,lastname,email,phone
1,50000,2020-01-01,"Software Engineer",John,Doe,john.doe@example.com,123-456-7890
2,60000,2019-06-01,"Data Scientist",Jane,Smith,jane.smith@example.com,987-654-3210
3,70000,2018-03-01,"Product Manager",Bob,Johnson,bob.johnson@example.com,555-123-4567
4,80000,2017-09-01,"DevOps Engineer",Alice,Williams,alice.williams@example.com,901-234-5678
5,90000,2016-12-01,"UX Designer",Mike,Davis,mike.davis@example.com,111-222-3333
6,100000,2015-06-01,"Solutions Architect",Emily,Miller,emily.miller@example.com,444-555-6666
7,110000,2014-03-01,"Business Analyst",Tom,Wilson,tom.wilson@example.com,777-888-9999
8,120000,2013-09-01,"Marketing Manager",Linda,Anderson,linda.anderson@example.com,222-333-4444
9,130000,2012-12-01,"Sales Representative",Lasley,Bland,lasley.bland@example.com,215-555-8800
10,140000,2011-06-01,"Customer Support",Sarah,Taylor,sarah.taylor@example.com,888-999-0000
